﻿<?xml version="1.0" encoding="utf-8"?>
<abapGit version="v1.0.0" serializer="LCL_OBJECT_DTEL" serializer_version="v1.0.0">
 <asx:abap xmlns:asx="http://www.sap.com/abapxml" version="1.0">
  <asx:values>
   <DD04V>
    <ROLLNAME>ZGISLOGY</ROLLNAME>
    <DDLANGUAGE>E</DDLANGUAGE>
    <DOMNAME>ZGISLOGY</DOMNAME>
    <HEADLEN>04</HEADLEN>
    <SCRLEN1>04</SCRLEN1>
    <SCRLEN2>04</SCRLEN2>
    <SCRLEN3>04</SCRLEN3>
    <DDTEXT>Logy for GIS</DDTEXT>
    <REPTEXT>Logy</REPTEXT>
    <SCRTEXT_S>Logy</SCRTEXT_S>
    <SCRTEXT_M>Logy</SCRTEXT_M>
    <SCRTEXT_L>Logy</SCRTEXT_L>
    <DTELMASTER>E</DTELMASTER>
    <REFKIND>D</REFKIND>
   </DD04V>
   <I18N_LANGS>
    <LANGU>U</LANGU>
   </I18N_LANGS>
   <DD04_TEXTS>
    <item>
     <DDLANGUAGE>U</DDLANGUAGE>
     <DDTEXT>Logy for GIS</DDTEXT>
     <REPTEXT>Logy</REPTEXT>
     <SCRTEXT_S>Logy</SCRTEXT_S>
     <SCRTEXT_M>Logy</SCRTEXT_M>
     <SCRTEXT_L>Logy</SCRTEXT_L>
    </item>
   </DD04_TEXTS>
  </asx:values>
 </asx:abap>
</abapGit>
