﻿<?xml version="1.0" encoding="utf-8"?>
<abapGit version="v1.0.0" serializer="LCL_OBJECT_DTEL" serializer_version="v1.0.0">
 <asx:abap xmlns:asx="http://www.sap.com/abapxml" version="1.0">
  <asx:values>
   <DD04V>
    <ROLLNAME>ZGIS_AMDP_POSLIST</ROLLNAME>
    <DDLANGUAGE>E</DDLANGUAGE>
    <DOMNAME>ZGIS_AMDP_POSLIST</DOMNAME>
    <HEADLEN>55</HEADLEN>
    <SCRLEN1>10</SCRLEN1>
    <SCRLEN2>20</SCRLEN2>
    <SCRLEN3>40</SCRLEN3>
    <DDTEXT>Pos List</DDTEXT>
    <REPTEXT>Pos List</REPTEXT>
    <SCRTEXT_S>Pos List</SCRTEXT_S>
    <SCRTEXT_M>Pos List</SCRTEXT_M>
    <SCRTEXT_L>Pos List</SCRTEXT_L>
    <DTELMASTER>E</DTELMASTER>
    <REFKIND>D</REFKIND>
   </DD04V>
   <I18N_LANGS>
    <LANGU>U</LANGU>
   </I18N_LANGS>
   <DD04_TEXTS>
    <item>
     <DDLANGUAGE>U</DDLANGUAGE>
     <DDTEXT>Pos List</DDTEXT>
     <REPTEXT>Pos List</REPTEXT>
     <SCRTEXT_S>Pos List</SCRTEXT_S>
     <SCRTEXT_M>Pos List</SCRTEXT_M>
     <SCRTEXT_L>Pos List</SCRTEXT_L>
    </item>
   </DD04_TEXTS>
  </asx:values>
 </asx:abap>
</abapGit>
