﻿<?xml version="1.0" encoding="utf-8"?>
<abapGit version="v1.0.0" serializer="LCL_OBJECT_TABL" serializer_version="v1.0.0">
 <asx:abap xmlns:asx="http://www.sap.com/abapxml" version="1.0">
  <asx:values>
   <DD02V>
    <TABNAME>ZIIDT_ID1142_GIS_GET_WSFORES1</TABNAME>
    <DDLANGUAGE>E</DDLANGUAGE>
    <TABCLASS>INTTAB</TABCLASS>
    <DDTEXT>copy of ZII_DT_ID1142_GIS_GET_WSFORES1</DDTEXT>
    <MASTERLANG>E</MASTERLANG>
    <EXCLASS>4</EXCLASS>
   </DD02V>
   <DD03P_TABLE>
    <DD03P>
     <FIELDNAME>FOREST_PLAN_STAND_ID</FIELDNAME>
     <ROLLNAME>ZZSTANDID10</ROLLNAME>
     <ADMINFIELD>0</ADMINFIELD>
     <COMPTYPE>E</COMPTYPE>
    </DD03P>
    <DD03P>
     <FIELDNAME>STAND_NUMBER</FIELDNAME>
     <ROLLNAME>ZZSTAND</ROLLNAME>
     <ADMINFIELD>0</ADMINFIELD>
     <COMPTYPE>E</COMPTYPE>
    </DD03P>
    <DD03P>
     <FIELDNAME>STAND_NUMBER_EXTENSION</FIELDNAME>
     <ROLLNAME>Z_STAND_NUMBER_EXTENSION</ROLLNAME>
     <ADMINFIELD>0</ADMINFIELD>
     <COMPTYPE>E</COMPTYPE>
    </DD03P>
    <DD03P>
     <FIELDNAME>HAS_OVERLAP_AREA</FIELDNAME>
     <ADMINFIELD>0</ADMINFIELD>
     <INTTYPE>g</INTTYPE>
     <INTLEN>000008</INTLEN>
     <DATATYPE>STRG</DATATYPE>
     <MASK>  STRG</MASK>
    </DD03P>
   </DD03P_TABLE>
   <I18N_LANGS>
    <LANGU>U</LANGU>
   </I18N_LANGS>
   <DD02_TEXTS>
    <item>
     <DDLANGUAGE>U</DDLANGUAGE>
     <DDTEXT>copy of ZII_DT_ID1142_GIS_GET_WSFORES1</DDTEXT>
    </item>
   </DD02_TEXTS>
  </asx:values>
 </asx:abap>
</abapGit>
