﻿<?xml version="1.0" encoding="utf-8"?>
<abapGit version="v1.0.0" serializer="LCL_OBJECT_TABL" serializer_version="v1.0.0">
 <asx:abap xmlns:asx="http://www.sap.com/abapxml" version="1.0">
  <asx:values>
   <DD02V>
    <TABNAME>ZIIDT_ID869_MSMOD_GIS_GET_RES</TABNAME>
    <DDLANGUAGE>E</DDLANGUAGE>
    <TABCLASS>INTTAB</TABCLASS>
    <DDTEXT>copy of ZII_DT_ID869_MSMOD_GIS_GET_RES</DDTEXT>
    <MASTERLANG>E</MASTERLANG>
    <EXCLASS>4</EXCLASS>
   </DD02V>
   <DD03P_TABLE>
    <DD03P>
     <FIELDNAME>CONTRACTTYPE</FIELDNAME>
     <ADMINFIELD>0</ADMINFIELD>
     <INTTYPE>g</INTTYPE>
     <INTLEN>000008</INTLEN>
     <DATATYPE>STRG</DATATYPE>
     <MASK>  STRG</MASK>
    </DD03P>
    <DD03P>
     <FIELDNAME>CONTRACTID</FIELDNAME>
     <ADMINFIELD>0</ADMINFIELD>
     <INTTYPE>8</INTTYPE>
     <INTLEN>000008</INTLEN>
     <DATATYPE>INT8</DATATYPE>
     <LENG>000019</LENG>
     <MASK>  INT8</MASK>
    </DD03P>
    <DD03P>
     <FIELDNAME>DECADE</FIELDNAME>
     <ROLLNAME>ZZOSTOSOPVK</ROLLNAME>
     <ADMINFIELD>0</ADMINFIELD>
     <VALEXI>X</VALEXI>
     <SHLPORIGIN>F</SHLPORIGIN>
     <COMPTYPE>E</COMPTYPE>
    </DD03P>
    <DD03P>
     <FIELDNAME>BLOCKNUMBER</FIELDNAME>
     <ADMINFIELD>0</ADMINFIELD>
     <INTTYPE>X</INTTYPE>
     <INTLEN>000004</INTLEN>
     <DATATYPE>INT4</DATATYPE>
     <LENG>000010</LENG>
     <MASK>  INT4</MASK>
    </DD03P>
   </DD03P_TABLE>
   <I18N_LANGS>
    <LANGU>F</LANGU>
    <LANGU>U</LANGU>
    <LANGU>V</LANGU>
   </I18N_LANGS>
   <DD02_TEXTS>
    <item>
     <DDLANGUAGE>F</DDLANGUAGE>
     <DDTEXT>Proxy Structure (generated)</DDTEXT>
    </item>
    <item>
     <DDLANGUAGE>U</DDLANGUAGE>
     <DDTEXT>Proxy Structure (generated)</DDTEXT>
    </item>
    <item>
     <DDLANGUAGE>V</DDLANGUAGE>
     <DDTEXT>Proxy Structure (generated)</DDTEXT>
    </item>
   </DD02_TEXTS>
  </asx:values>
 </asx:abap>
</abapGit>
