﻿<?xml version="1.0" encoding="utf-8"?>
<abapGit version="v1.0.0" serializer="LCL_OBJECT_TABL" serializer_version="v1.0.0">
 <asx:abap xmlns:asx="http://www.sap.com/abapxml" version="1.0">
  <asx:values>
   <DD02V>
    <TABNAME>ZMGKOTKA_PLANNINGBLOCK_S</TABNAME>
    <DDLANGUAGE>E</DDLANGUAGE>
    <TABCLASS>INTTAB</TABCLASS>
    <DDTEXT>structure for MG KOTKA Planning block</DDTEXT>
    <MASTERLANG>E</MASTERLANG>
    <EXCLASS>4</EXCLASS>
   </DD02V>
   <DD03P_TABLE>
    <DD03P>
     <FIELDNAME>CONTRACTID</FIELDNAME>
     <ADMINFIELD>0</ADMINFIELD>
     <INTTYPE>8</INTTYPE>
     <INTLEN>000008</INTLEN>
     <DATATYPE>INT8</DATATYPE>
     <LENG>000019</LENG>
     <MASK>  INT8</MASK>
    </DD03P>
    <DD03P>
     <FIELDNAME>PLANNING_BLOCKID</FIELDNAME>
     <ADMINFIELD>0</ADMINFIELD>
     <INTTYPE>8</INTTYPE>
     <INTLEN>000008</INTLEN>
     <DATATYPE>INT8</DATATYPE>
     <LENG>000019</LENG>
     <MASK>  INT8</MASK>
    </DD03P>
    <DD03P>
     <FIELDNAME>BLOCKNUMBER</FIELDNAME>
     <ROLLNAME>ZMHBLOCKNO</ROLLNAME>
     <ADMINFIELD>0</ADMINFIELD>
     <COMPTYPE>E</COMPTYPE>
    </DD03P>
   </DD03P_TABLE>
   <I18N_LANGS>
    <LANGU>U</LANGU>
   </I18N_LANGS>
   <DD02_TEXTS>
    <item>
     <DDLANGUAGE>U</DDLANGUAGE>
     <DDTEXT>structure for MG KOTKA Planning block</DDTEXT>
    </item>
   </DD02_TEXTS>
  </asx:values>
 </asx:abap>
</abapGit>
