﻿<?xml version="1.0" encoding="utf-8"?>
<abapGit version="v1.0.0" serializer="LCL_OBJECT_DTEL" serializer_version="v1.0.0">
 <asx:abap xmlns:asx="http://www.sap.com/abapxml" version="1.0">
  <asx:values>
   <DD04V>
    <ROLLNAME>ZMHBLOCKNO</ROLLNAME>
    <DDLANGUAGE>E</DDLANGUAGE>
    <DOMNAME>ZMHBLOCKNO</DOMNAME>
    <HEADLEN>55</HEADLEN>
    <SCRLEN1>10</SCRLEN1>
    <SCRLEN2>20</SCRLEN2>
    <SCRLEN3>40</SCRLEN3>
    <DDTEXT>Block No</DDTEXT>
    <REPTEXT>Block Number</REPTEXT>
    <SCRTEXT_S>Block Num</SCRTEXT_S>
    <SCRTEXT_M>Block Number</SCRTEXT_M>
    <SCRTEXT_L>Block Number</SCRTEXT_L>
    <DTELMASTER>E</DTELMASTER>
    <REFKIND>D</REFKIND>
   </DD04V>
   <I18N_LANGS>
    <LANGU>U</LANGU>
   </I18N_LANGS>
   <DD04_TEXTS>
    <item>
     <DDLANGUAGE>U</DDLANGUAGE>
     <DDTEXT>Block No</DDTEXT>
     <REPTEXT>Block Number</REPTEXT>
     <SCRTEXT_S>Block Num</SCRTEXT_S>
     <SCRTEXT_M>Block Number</SCRTEXT_M>
     <SCRTEXT_L>Block Number</SCRTEXT_L>
    </item>
   </DD04_TEXTS>
  </asx:values>
 </asx:abap>
</abapGit>
