﻿<?xml version="1.0" encoding="utf-8"?>
<abapGit version="v1.0.0" serializer="LCL_OBJECT_DTEL" serializer_version="v1.0.0">
 <asx:abap xmlns:asx="http://www.sap.com/abapxml" version="1.0">
  <asx:values>
   <DD04V>
    <ROLLNAME>ZPRCOORDINATESYSTEM_TYPE3</ROLLNAME>
    <DDLANGUAGE>E</DDLANGUAGE>
    <DDTEXT>copy of ZPRCOORDINATE_SYSTEM_TYPE3</DDTEXT>
    <DTELMASTER>E</DTELMASTER>
    <DATATYPE>STRG</DATATYPE>
   </DD04V>
   <I18N_LANGS>
    <LANGU>U</LANGU>
   </I18N_LANGS>
   <DD04_TEXTS>
    <item>
     <DDLANGUAGE>U</DDLANGUAGE>
     <DDTEXT>Proxy Data Element (generated)</DDTEXT>
    </item>
   </DD04_TEXTS>
  </asx:values>
 </asx:abap>
</abapGit>
