﻿<?xml version="1.0" encoding="utf-8"?>
<abapGit version="v1.0.0" serializer="LCL_OBJECT_TABL" serializer_version="v1.0.0">
 <asx:abap xmlns:asx="http://www.sap.com/abapxml" version="1.0">
  <asx:values>
   <DD02V>
    <TABNAME>ZPRCODT_ID1135_GDPR_DELETE_12</TABNAME>
    <DDLANGUAGE>E</DDLANGUAGE>
    <TABCLASS>INTTAB</TABCLASS>
    <DDTEXT>copy of ZPRCO_DT_ID1135_GDPR_DELETE_12</DDTEXT>
    <MASTERLANG>E</MASTERLANG>
    <EXCLASS>4</EXCLASS>
   </DD02V>
   <DD03P_TABLE>
    <DD03P>
     <FIELDNAME>CONTROLLER</FIELDNAME>
     <ROLLNAME>PRXCTRLTAB</ROLLNAME>
     <ADMINFIELD>0</ADMINFIELD>
     <DATATYPE>TTYP</DATATYPE>
     <MASK>  TTYPL</MASK>
     <COMPTYPE>L</COMPTYPE>
    </DD03P>
    <DD03P>
     <FIELDNAME>DRAFTOFFER</FIELDNAME>
     <ROLLNAME>ZPRCODT_ID1135_GDPR_DELE_TAB6</ROLLNAME>
     <ADMINFIELD>0</ADMINFIELD>
     <DATATYPE>TTYP</DATATYPE>
     <MASK>  TTYPL</MASK>
     <COMPTYPE>L</COMPTYPE>
    </DD03P>
   </DD03P_TABLE>
   <I18N_LANGS>
    <LANGU>F</LANGU>
    <LANGU>U</LANGU>
    <LANGU>V</LANGU>
   </I18N_LANGS>
   <DD02_TEXTS>
    <item>
     <DDLANGUAGE>F</DDLANGUAGE>
     <DDTEXT>Proxy Structure (generated)</DDTEXT>
    </item>
    <item>
     <DDLANGUAGE>U</DDLANGUAGE>
     <DDTEXT>Proxy Structure (generated)</DDTEXT>
    </item>
    <item>
     <DDLANGUAGE>V</DDLANGUAGE>
     <DDTEXT>Proxy Structure (generated)</DDTEXT>
    </item>
   </DD02_TEXTS>
  </asx:values>
 </asx:abap>
</abapGit>
