﻿<?xml version="1.0" encoding="utf-8"?>
<abapGit version="v1.0.0" serializer="LCL_OBJECT_TABL" serializer_version="v1.0.0">
 <asx:abap xmlns:asx="http://www.sap.com/abapxml" version="1.0">
  <asx:values>
   <DD02V>
    <TABNAME>ZPRDTID1174_LINE_STRING</TABNAME>
    <DDLANGUAGE>E</DDLANGUAGE>
    <TABCLASS>INTTAB</TABCLASS>
    <DDTEXT>copy of ZPRDT_ID1174_LINE_STRING</DDTEXT>
    <MASTERLANG>E</MASTERLANG>
    <EXCLASS>4</EXCLASS>
   </DD02V>
   <DD03P_TABLE>
    <DD03P>
     <FIELDNAME>POS_LIST</FIELDNAME>
     <ROLLNAME>ZPRDTID1174_LINE_STRING_POS_L</ROLLNAME>
     <ADMINFIELD>0</ADMINFIELD>
     <DATATYPE>STRU</DATATYPE>
     <MASK>  STRUS</MASK>
     <COMPTYPE>S</COMPTYPE>
    </DD03P>
    <DD03P>
     <FIELDNAME>COORDINATES</FIELDNAME>
     <ROLLNAME>ZPRDTID1174_LINE_STRING_COORD</ROLLNAME>
     <ADMINFIELD>0</ADMINFIELD>
     <DATATYPE>STRU</DATATYPE>
     <MASK>  STRUS</MASK>
     <COMPTYPE>S</COMPTYPE>
    </DD03P>
    <DD03P>
     <FIELDNAME>ID</FIELDNAME>
     <ADMINFIELD>0</ADMINFIELD>
     <INTTYPE>g</INTTYPE>
     <INTLEN>000008</INTLEN>
     <DATATYPE>STRG</DATATYPE>
     <MASK>  STRG</MASK>
    </DD03P>
    <DD03P>
     <FIELDNAME>GID</FIELDNAME>
     <ADMINFIELD>0</ADMINFIELD>
     <INTTYPE>g</INTTYPE>
     <INTLEN>000008</INTLEN>
     <DATATYPE>STRG</DATATYPE>
     <MASK>  STRG</MASK>
    </DD03P>
    <DD03P>
     <FIELDNAME>SRS_NAME</FIELDNAME>
     <ADMINFIELD>0</ADMINFIELD>
     <INTTYPE>g</INTTYPE>
     <INTLEN>000008</INTLEN>
     <DATATYPE>STRG</DATATYPE>
     <MASK>  STRG</MASK>
    </DD03P>
    <DD03P>
     <FIELDNAME>SRS_DIMENSIONS</FIELDNAME>
     <ADMINFIELD>0</ADMINFIELD>
     <INTTYPE>X</INTTYPE>
     <INTLEN>000004</INTLEN>
     <DATATYPE>INT4</DATATYPE>
     <LENG>000010</LENG>
     <MASK>  INT4</MASK>
    </DD03P>
    <DD03P>
     <FIELDNAME>AXIS_LABELS</FIELDNAME>
     <ADMINFIELD>0</ADMINFIELD>
     <INTTYPE>g</INTTYPE>
     <INTLEN>000008</INTLEN>
     <DATATYPE>STRG</DATATYPE>
     <MASK>  STRG</MASK>
    </DD03P>
    <DD03P>
     <FIELDNAME>UOM_LABELS</FIELDNAME>
     <ADMINFIELD>0</ADMINFIELD>
     <INTTYPE>g</INTTYPE>
     <INTLEN>000008</INTLEN>
     <DATATYPE>STRG</DATATYPE>
     <MASK>  STRG</MASK>
    </DD03P>
   </DD03P_TABLE>
   <I18N_LANGS>
    <LANGU>U</LANGU>
   </I18N_LANGS>
   <DD02_TEXTS>
    <item>
     <DDLANGUAGE>U</DDLANGUAGE>
     <DDTEXT>Proxy Structure (generated)</DDTEXT>
    </item>
   </DD02_TEXTS>
  </asx:values>
 </asx:abap>
</abapGit>
