﻿<?xml version="1.0" encoding="utf-8"?>
<abapGit version="v1.0.0" serializer="LCL_OBJECT_TABL" serializer_version="v1.0.0">
 <asx:abap xmlns:asx="http://www.sap.com/abapxml" version="1.0">
  <asx:values>
   <DD02V>
    <TABNAME>ZPRDTID1174_XTERIOR</TABNAME>
    <DDLANGUAGE>E</DDLANGUAGE>
    <TABCLASS>INTTAB</TABCLASS>
    <DDTEXT>copy of ZPRDT_ID1174_XTERIOR</DDTEXT>
    <MASTERLANG>E</MASTERLANG>
    <EXCLASS>4</EXCLASS>
   </DD02V>
   <DD03P_TABLE>
    <DD03P>
     <FIELDNAME>RING_ID</FIELDNAME>
     <ADMINFIELD>0</ADMINFIELD>
     <INTTYPE>g</INTTYPE>
     <INTLEN>000008</INTLEN>
     <DATATYPE>STRG</DATATYPE>
     <MASK>  STRG</MASK>
    </DD03P>
    <DD03P>
     <FIELDNAME>RING_GID</FIELDNAME>
     <ADMINFIELD>0</ADMINFIELD>
     <INTTYPE>g</INTTYPE>
     <INTLEN>000008</INTLEN>
     <DATATYPE>STRG</DATATYPE>
     <MASK>  STRG</MASK>
    </DD03P>
    <DD03P>
     <FIELDNAME>RING_SRS_NAME</FIELDNAME>
     <ADMINFIELD>0</ADMINFIELD>
     <INTTYPE>g</INTTYPE>
     <INTLEN>000008</INTLEN>
     <DATATYPE>STRG</DATATYPE>
     <MASK>  STRG</MASK>
    </DD03P>
    <DD03P>
     <FIELDNAME>RING_SRS_DIMENSIONS</FIELDNAME>
     <ADMINFIELD>0</ADMINFIELD>
     <INTTYPE>X</INTTYPE>
     <INTLEN>000004</INTLEN>
     <DATATYPE>INT4</DATATYPE>
     <LENG>000010</LENG>
     <MASK>  INT4</MASK>
    </DD03P>
    <DD03P>
     <FIELDNAME>RING_AXIS_LABELS</FIELDNAME>
     <ADMINFIELD>0</ADMINFIELD>
     <INTTYPE>g</INTTYPE>
     <INTLEN>000008</INTLEN>
     <DATATYPE>STRG</DATATYPE>
     <MASK>  STRG</MASK>
    </DD03P>
    <DD03P>
     <FIELDNAME>RING_UOM_LABELS</FIELDNAME>
     <ADMINFIELD>0</ADMINFIELD>
     <INTTYPE>g</INTTYPE>
     <INTLEN>000008</INTLEN>
     <DATATYPE>STRG</DATATYPE>
     <MASK>  STRG</MASK>
    </DD03P>
    <DD03P>
     <FIELDNAME>POS_LIST_SRS_NAME</FIELDNAME>
     <ADMINFIELD>0</ADMINFIELD>
     <INTTYPE>g</INTTYPE>
     <INTLEN>000008</INTLEN>
     <DATATYPE>STRG</DATATYPE>
     <MASK>  STRG</MASK>
    </DD03P>
    <DD03P>
     <FIELDNAME>POS_LIST_SRS_DIMENSION</FIELDNAME>
     <ADMINFIELD>0</ADMINFIELD>
     <INTTYPE>g</INTTYPE>
     <INTLEN>000008</INTLEN>
     <DATATYPE>STRG</DATATYPE>
     <MASK>  STRG</MASK>
    </DD03P>
    <DD03P>
     <FIELDNAME>POS_LIST_AXIS_LABELS</FIELDNAME>
     <ADMINFIELD>0</ADMINFIELD>
     <INTTYPE>g</INTTYPE>
     <INTLEN>000008</INTLEN>
     <DATATYPE>STRG</DATATYPE>
     <MASK>  STRG</MASK>
    </DD03P>
    <DD03P>
     <FIELDNAME>POS_LIST_UOM_LABELS</FIELDNAME>
     <ADMINFIELD>0</ADMINFIELD>
     <INTTYPE>g</INTTYPE>
     <INTLEN>000008</INTLEN>
     <DATATYPE>STRG</DATATYPE>
     <MASK>  STRG</MASK>
    </DD03P>
    <DD03P>
     <FIELDNAME>POS_LIST_COUNT</FIELDNAME>
     <ADMINFIELD>0</ADMINFIELD>
     <INTTYPE>X</INTTYPE>
     <INTLEN>000004</INTLEN>
     <DATATYPE>INT4</DATATYPE>
     <LENG>000010</LENG>
     <MASK>  INT4</MASK>
    </DD03P>
    <DD03P>
     <FIELDNAME>POS_LIST_CONTENT</FIELDNAME>
     <ADMINFIELD>0</ADMINFIELD>
     <INTTYPE>g</INTTYPE>
     <INTLEN>000008</INTLEN>
     <DATATYPE>STRG</DATATYPE>
     <MASK>  STRG</MASK>
    </DD03P>
    <DD03P>
     <FIELDNAME>LINEAR_RING_POS_LIST_SRS_NAME</FIELDNAME>
     <ADMINFIELD>0</ADMINFIELD>
     <INTTYPE>g</INTTYPE>
     <INTLEN>000008</INTLEN>
     <DATATYPE>STRG</DATATYPE>
     <MASK>  STRG</MASK>
    </DD03P>
    <DD03P>
     <FIELDNAME>LINEAR_RING_POS_LIST_SRS_DIMEN</FIELDNAME>
     <ADMINFIELD>0</ADMINFIELD>
     <INTTYPE>g</INTTYPE>
     <INTLEN>000008</INTLEN>
     <DATATYPE>STRG</DATATYPE>
     <MASK>  STRG</MASK>
    </DD03P>
    <DD03P>
     <FIELDNAME>LINEAR_RING_POS_LIST_AXIS_LABE</FIELDNAME>
     <ADMINFIELD>0</ADMINFIELD>
     <INTTYPE>g</INTTYPE>
     <INTLEN>000008</INTLEN>
     <DATATYPE>STRG</DATATYPE>
     <MASK>  STRG</MASK>
    </DD03P>
    <DD03P>
     <FIELDNAME>LINEAR_RING_POS_LIST_UOM_LABEL</FIELDNAME>
     <ADMINFIELD>0</ADMINFIELD>
     <INTTYPE>g</INTTYPE>
     <INTLEN>000008</INTLEN>
     <DATATYPE>STRG</DATATYPE>
     <MASK>  STRG</MASK>
    </DD03P>
    <DD03P>
     <FIELDNAME>LINEAR_RING_POS_LIST_COUNT</FIELDNAME>
     <ADMINFIELD>0</ADMINFIELD>
     <INTTYPE>X</INTTYPE>
     <INTLEN>000004</INTLEN>
     <DATATYPE>INT4</DATATYPE>
     <LENG>000010</LENG>
     <MASK>  INT4</MASK>
    </DD03P>
    <DD03P>
     <FIELDNAME>LINEAR_RING_POS_LIST_CONTENT</FIELDNAME>
     <ADMINFIELD>0</ADMINFIELD>
     <INTTYPE>g</INTTYPE>
     <INTLEN>000008</INTLEN>
     <DATATYPE>STRG</DATATYPE>
     <MASK>  STRG</MASK>
    </DD03P>
    <DD03P>
     <FIELDNAME>LINEAR_RING_COORDINATES_DECIMA</FIELDNAME>
     <ADMINFIELD>0</ADMINFIELD>
     <INTTYPE>g</INTTYPE>
     <INTLEN>000008</INTLEN>
     <DATATYPE>STRG</DATATYPE>
     <MASK>  STRG</MASK>
    </DD03P>
    <DD03P>
     <FIELDNAME>LINEAR_RING_COORDINATES_CS</FIELDNAME>
     <ADMINFIELD>0</ADMINFIELD>
     <INTTYPE>g</INTTYPE>
     <INTLEN>000008</INTLEN>
     <DATATYPE>STRG</DATATYPE>
     <MASK>  STRG</MASK>
    </DD03P>
    <DD03P>
     <FIELDNAME>LINEAR_RING_COORDINATES_TS</FIELDNAME>
     <ADMINFIELD>0</ADMINFIELD>
     <INTTYPE>g</INTTYPE>
     <INTLEN>000008</INTLEN>
     <DATATYPE>STRG</DATATYPE>
     <MASK>  STRG</MASK>
    </DD03P>
    <DD03P>
     <FIELDNAME>LINEAR_RING_COORDINATES_CONTEN</FIELDNAME>
     <ADMINFIELD>0</ADMINFIELD>
     <INTTYPE>g</INTTYPE>
     <INTLEN>000008</INTLEN>
     <DATATYPE>STRG</DATATYPE>
     <MASK>  STRG</MASK>
    </DD03P>
    <DD03P>
     <FIELDNAME>LINEAR_RING_ID</FIELDNAME>
     <ADMINFIELD>0</ADMINFIELD>
     <INTTYPE>g</INTTYPE>
     <INTLEN>000008</INTLEN>
     <DATATYPE>STRG</DATATYPE>
     <MASK>  STRG</MASK>
    </DD03P>
    <DD03P>
     <FIELDNAME>LINEAR_RING_GID</FIELDNAME>
     <ADMINFIELD>0</ADMINFIELD>
     <INTTYPE>g</INTTYPE>
     <INTLEN>000008</INTLEN>
     <DATATYPE>STRG</DATATYPE>
     <MASK>  STRG</MASK>
    </DD03P>
    <DD03P>
     <FIELDNAME>LINEAR_RING_SRS_NAME</FIELDNAME>
     <ADMINFIELD>0</ADMINFIELD>
     <INTTYPE>g</INTTYPE>
     <INTLEN>000008</INTLEN>
     <DATATYPE>STRG</DATATYPE>
     <MASK>  STRG</MASK>
    </DD03P>
    <DD03P>
     <FIELDNAME>LINEAR_RING_SRS_DIMENSIONS</FIELDNAME>
     <ADMINFIELD>0</ADMINFIELD>
     <INTTYPE>X</INTTYPE>
     <INTLEN>000004</INTLEN>
     <DATATYPE>INT4</DATATYPE>
     <LENG>000010</LENG>
     <MASK>  INT4</MASK>
    </DD03P>
    <DD03P>
     <FIELDNAME>LINEAR_RING_AXIS_LABELS</FIELDNAME>
     <ADMINFIELD>0</ADMINFIELD>
     <INTTYPE>g</INTTYPE>
     <INTLEN>000008</INTLEN>
     <DATATYPE>STRG</DATATYPE>
     <MASK>  STRG</MASK>
    </DD03P>
    <DD03P>
     <FIELDNAME>LINEAR_RING_UOM_LABELS</FIELDNAME>
     <ADMINFIELD>0</ADMINFIELD>
     <INTTYPE>g</INTTYPE>
     <INTLEN>000008</INTLEN>
     <DATATYPE>STRG</DATATYPE>
     <MASK>  STRG</MASK>
    </DD03P>
   </DD03P_TABLE>
   <I18N_LANGS>
    <LANGU>U</LANGU>
   </I18N_LANGS>
   <DD02_TEXTS>
    <item>
     <DDLANGUAGE>U</DDLANGUAGE>
     <DDTEXT>Proxy Structure (generated)</DDTEXT>
    </item>
   </DD02_TEXTS>
  </asx:values>
 </asx:abap>
</abapGit>
