﻿<?xml version="1.0" encoding="utf-8"?>
<abapGit version="v1.0.0" serializer="LCL_OBJECT_CLAS" serializer_version="v1.0.0">
 <asx:abap xmlns:asx="http://www.sap.com/abapxml" version="1.0">
  <asx:values>
   <VSEOCLASS>
    <CLSNAME>ZII_CL_SI_ID793_WORKING_SITE_Q</CLSNAME>
    <LANGU>E</LANGU>
    <DESCRIPT>.</DESCRIPT>
    <STATE>1</STATE>
    <CLSCCINCL>X</CLSCCINCL>
    <FIXPT>X</FIXPT>
    <UNICODE>X</UNICODE>
    <RSTAT>P</RSTAT>
   </VSEOCLASS>
   <TPOOL>
    <item>
     <ID>I</ID>
     <KEY>001</KEY>
     <ENTRY>WORKINGSITEID Does not Contain first character &apos;S&apos; or &apos;H&apos; :</ENTRY>
     <LENGTH>59</LENGTH>
    </item>
    <item>
     <ID>I</ID>
     <KEY>002</KEY>
     <ENTRY>ZPSQCHCSPS Table Updation failed</ENTRY>
     <LENGTH>35</LENGTH>
    </item>
    <item>
     <ID>I</ID>
     <KEY>003</KEY>
     <ENTRY>ZPSQCHCSPSM Table Updation Failed</ENTRY>
     <LENGTH>34</LENGTH>
    </item>
    <item>
     <ID>I</ID>
     <KEY>004</KEY>
     <ENTRY>ZPSQCHCSPSMTS Table Updation Failed</ENTRY>
     <LENGTH>35</LENGTH>
    </item>
    <item>
     <ID>I</ID>
     <KEY>005</KEY>
     <ENTRY>ZPSQCHCSP Table Updation Failed</ENTRY>
     <LENGTH>34</LENGTH>
    </item>
    <item>
     <ID>I</ID>
     <KEY>006</KEY>
     <ENTRY>ZPSQCHCSPTS Table Updation failed</ENTRY>
     <LENGTH>33</LENGTH>
    </item>
    <item>
     <ID>I</ID>
     <KEY>007</KEY>
     <ENTRY>ZPSQCHCH Table Updation Failed</ENTRY>
     <LENGTH>30</LENGTH>
    </item>
    <item>
     <ID>I</ID>
     <KEY>009</KEY>
     <LENGTH>132</LENGTH>
    </item>
   </TPOOL>
   <I18N_TPOOL>
    <item>
     <LANGUAGE>F</LANGUAGE>
     <TEXTPOOL>
      <item>
       <ID>I</ID>
       <KEY>001</KEY>
       <ENTRY>WORKINGSITEID Does not Contain first character &apos;S&apos; or &apos;H&apos; :</ENTRY>
       <LENGTH>59</LENGTH>
      </item>
      <item>
       <ID>I</ID>
       <KEY>002</KEY>
       <ENTRY>ZPSQCHCSPS Table Updation failed</ENTRY>
       <LENGTH>35</LENGTH>
      </item>
      <item>
       <ID>I</ID>
       <KEY>003</KEY>
       <ENTRY>ZPSQCHCSPSM Table Updation Failed</ENTRY>
       <LENGTH>34</LENGTH>
      </item>
      <item>
       <ID>I</ID>
       <KEY>004</KEY>
       <ENTRY>ZPSQCHCSPSMTS Table Updation Failed</ENTRY>
       <LENGTH>35</LENGTH>
      </item>
      <item>
       <ID>I</ID>
       <KEY>005</KEY>
       <ENTRY>ZPSQCHCSP Table Updation Failed</ENTRY>
       <LENGTH>34</LENGTH>
      </item>
      <item>
       <ID>I</ID>
       <KEY>006</KEY>
       <ENTRY>ZPSQCHCSPTS Table Updation failed</ENTRY>
       <LENGTH>33</LENGTH>
      </item>
      <item>
       <ID>I</ID>
       <KEY>007</KEY>
       <ENTRY>ZPSQCHCH Table Updation Failed</ENTRY>
       <LENGTH>30</LENGTH>
      </item>
      <item>
       <ID>I</ID>
       <KEY>009</KEY>
       <LENGTH>132</LENGTH>
      </item>
     </TEXTPOOL>
    </item>
    <item>
     <LANGUAGE>U</LANGUAGE>
     <TEXTPOOL>
      <item>
       <ID>I</ID>
       <KEY>001</KEY>
       <ENTRY>WORKINGSITEID Does not Contain first character &apos;S&apos; or &apos;H&apos; :</ENTRY>
       <LENGTH>59</LENGTH>
      </item>
      <item>
       <ID>I</ID>
       <KEY>002</KEY>
       <ENTRY>ZPSQCHCSPS Table Updation failed</ENTRY>
       <LENGTH>35</LENGTH>
      </item>
      <item>
       <ID>I</ID>
       <KEY>003</KEY>
       <ENTRY>ZPSQCHCSPSM Table Updation Failed</ENTRY>
       <LENGTH>34</LENGTH>
      </item>
      <item>
       <ID>I</ID>
       <KEY>004</KEY>
       <ENTRY>ZPSQCHCSPSMTS Table Updation Failed</ENTRY>
       <LENGTH>35</LENGTH>
      </item>
      <item>
       <ID>I</ID>
       <KEY>005</KEY>
       <ENTRY>ZPSQCHCSP Table Updation Failed</ENTRY>
       <LENGTH>34</LENGTH>
      </item>
      <item>
       <ID>I</ID>
       <KEY>006</KEY>
       <ENTRY>ZPSQCHCSPTS Table Updation failed</ENTRY>
       <LENGTH>33</LENGTH>
      </item>
      <item>
       <ID>I</ID>
       <KEY>007</KEY>
       <ENTRY>ZPSQCHCH Table Updation Failed</ENTRY>
       <LENGTH>30</LENGTH>
      </item>
      <item>
       <ID>I</ID>
       <KEY>009</KEY>
       <LENGTH>132</LENGTH>
      </item>
     </TEXTPOOL>
    </item>
    <item>
     <LANGUAGE>V</LANGUAGE>
     <TEXTPOOL>
      <item>
       <ID>I</ID>
       <KEY>001</KEY>
       <ENTRY>WORKINGSITEID Does not Contain first character &apos;S&apos; or &apos;H&apos; :</ENTRY>
       <LENGTH>59</LENGTH>
      </item>
      <item>
       <ID>I</ID>
       <KEY>002</KEY>
       <ENTRY>ZPSQCHCSPS Table Updation failed</ENTRY>
       <LENGTH>35</LENGTH>
      </item>
      <item>
       <ID>I</ID>
       <KEY>003</KEY>
       <ENTRY>ZPSQCHCSPSM Table Updation Failed</ENTRY>
       <LENGTH>34</LENGTH>
      </item>
      <item>
       <ID>I</ID>
       <KEY>004</KEY>
       <ENTRY>ZPSQCHCSPSMTS Table Updation Failed</ENTRY>
       <LENGTH>35</LENGTH>
      </item>
      <item>
       <ID>I</ID>
       <KEY>005</KEY>
       <ENTRY>ZPSQCHCSP Table Updation Failed</ENTRY>
       <LENGTH>34</LENGTH>
      </item>
      <item>
       <ID>I</ID>
       <KEY>006</KEY>
       <ENTRY>ZPSQCHCSPTS Table Updation failed</ENTRY>
       <LENGTH>33</LENGTH>
      </item>
      <item>
       <ID>I</ID>
       <KEY>007</KEY>
       <ENTRY>ZPSQCHCH Table Updation Failed</ENTRY>
       <LENGTH>30</LENGTH>
      </item>
      <item>
       <ID>I</ID>
       <KEY>009</KEY>
       <LENGTH>132</LENGTH>
      </item>
     </TEXTPOOL>
    </item>
   </I18N_TPOOL>
  </asx:values>
 </asx:abap>
</abapGit>
