﻿<?xml version="1.0" encoding="utf-8"?>
<abapGit version="v1.0.0" serializer="LCL_OBJECT_FUGR" serializer_version="v1.0.0">
 <asx:abap xmlns:asx="http://www.sap.com/abapxml" version="1.0">
  <asx:values>
   <AREAT>AMDP Function groups</AREAT>
   <INCLUDES>
    <SOBJ_NAME>LZFG_AMDPT99</SOBJ_NAME>
    <SOBJ_NAME>LZFG_AMDPTOP</SOBJ_NAME>
    <SOBJ_NAME>SAPLZFG_AMDP</SOBJ_NAME>
   </INCLUDES>
   <FUNCTIONS>
    <item>
     <FUNCNAME>Z_CALL_AMDP_ID1036</FUNCNAME>
     <SHORT_TEXT>Interface ID1036 Data for APO</SHORT_TEXT>
     <IMPORT>
      <RSIMP>
       <PARAMETER>IN_WORKINGSITEID</PARAMETER>
       <TYP>ZZWORKINGSITEID</TYP>
      </RSIMP>
      <RSIMP>
       <PARAMETER>IN_LOGY</PARAMETER>
       <TYP>ZZLOGY</TYP>
      </RSIMP>
      <RSIMP>
       <PARAMETER>IN_TREESPECIESITEMS</PARAMETER>
       <TYP>ZIIDTID1036_MODEL_COMPART_TAB</TYP>
      </RSIMP>
     </IMPORT>
     <EXPORT>
      <RSEXP>
       <PARAMETER>OUT_WORKINGSITEID</PARAMETER>
       <TYP>ZZWORKINGSITEID</TYP>
      </RSEXP>
      <RSEXP>
       <PARAMETER>OUT_LOGY</PARAMETER>
       <TYP>ZZLOGY</TYP>
      </RSEXP>
      <RSEXP>
       <PARAMETER>OUT_TREESPECIESITEMS</PARAMETER>
       <TYP>ZIIDTID1036_MODEL_COMPAR_TAB1</TYP>
      </RSEXP>
      <RSEXP>
       <PARAMETER>EV_SUCCESS</PARAMETER>
       <TYP>ABAP_BOOL</TYP>
      </RSEXP>
      <RSEXP>
       <PARAMETER>EV_ERROR_MESSAGE</PARAMETER>
       <TYP>STRING</TYP>
      </RSEXP>
     </EXPORT>
     <DOCUMENTATION>
      <RSFDO>
       <PARAMETER>IN_WORKINGSITEID</PARAMETER>
       <KIND>P</KIND>
      </RSFDO>
      <RSFDO>
       <PARAMETER>IN_LOGY</PARAMETER>
       <KIND>P</KIND>
      </RSFDO>
      <RSFDO>
       <PARAMETER>IN_TREESPECIESITEMS</PARAMETER>
       <KIND>P</KIND>
      </RSFDO>
      <RSFDO>
       <PARAMETER>OUT_WORKINGSITEID</PARAMETER>
       <KIND>P</KIND>
      </RSFDO>
      <RSFDO>
       <PARAMETER>OUT_LOGY</PARAMETER>
       <KIND>P</KIND>
      </RSFDO>
      <RSFDO>
       <PARAMETER>OUT_TREESPECIESITEMS</PARAMETER>
       <KIND>P</KIND>
      </RSFDO>
      <RSFDO>
       <PARAMETER>EV_SUCCESS</PARAMETER>
       <KIND>P</KIND>
      </RSFDO>
      <RSFDO>
       <PARAMETER>EV_ERROR_MESSAGE</PARAMETER>
       <KIND>P</KIND>
      </RSFDO>
     </DOCUMENTATION>
    </item>
    <item>
     <FUNCNAME>Z_CALL_AMDP_ID1181</FUNCNAME>
     <REMOTE_CALL>R</REMOTE_CALL>
     <SHORT_TEXT>Wrapper Function Module to ID1181</SHORT_TEXT>
     <IMPORT>
      <RSIMP>
       <PARAMETER>IN_STARTTIME</PARAMETER>
       <TYP>STRING</TYP>
      </RSIMP>
      <RSIMP>
       <PARAMETER>IN_ENDTIME</PARAMETER>
       <TYP>STRING</TYP>
      </RSIMP>
     </IMPORT>
     <EXPORT>
      <RSEXP>
       <PARAMETER>OUT_STARTTIME</PARAMETER>
       <TYP>STRING</TYP>
      </RSEXP>
      <RSEXP>
       <PARAMETER>OUT_ENDTIME</PARAMETER>
       <TYP>STRING</TYP>
      </RSEXP>
      <RSEXP>
       <PARAMETER>STORAGES</PARAMETER>
       <TYP>ZPRDTID1181_GISGET_STORAG_TAB</TYP>
      </RSEXP>
      <RSEXP>
       <PARAMETER>EV_SUCCESS</PARAMETER>
       <TYP>FLAG</TYP>
      </RSEXP>
      <RSEXP>
       <PARAMETER>EV_ERROR_MESSAGE</PARAMETER>
       <TYP>STRING</TYP>
      </RSEXP>
     </EXPORT>
     <DOCUMENTATION>
      <RSFDO>
       <PARAMETER>IN_STARTTIME</PARAMETER>
       <KIND>P</KIND>
      </RSFDO>
      <RSFDO>
       <PARAMETER>IN_ENDTIME</PARAMETER>
       <KIND>P</KIND>
      </RSFDO>
      <RSFDO>
       <PARAMETER>OUT_STARTTIME</PARAMETER>
       <KIND>P</KIND>
      </RSFDO>
      <RSFDO>
       <PARAMETER>OUT_ENDTIME</PARAMETER>
       <KIND>P</KIND>
      </RSFDO>
      <RSFDO>
       <PARAMETER>STORAGES</PARAMETER>
       <KIND>P</KIND>
      </RSFDO>
      <RSFDO>
       <PARAMETER>EV_SUCCESS</PARAMETER>
       <KIND>P</KIND>
      </RSFDO>
      <RSFDO>
       <PARAMETER>EV_ERROR_MESSAGE</PARAMETER>
       <KIND>P</KIND>
      </RSFDO>
     </DOCUMENTATION>
    </item>
    <item>
     <FUNCNAME>Z_CALL_AMDP_ID1182</FUNCNAME>
     <REMOTE_CALL>R</REMOTE_CALL>
     <SHORT_TEXT>Wrapper Function Module to ID1182</SHORT_TEXT>
     <IMPORT>
      <RSIMP>
       <PARAMETER>IN_STARTTIME</PARAMETER>
       <TYP>STRING</TYP>
      </RSIMP>
      <RSIMP>
       <PARAMETER>IN_ENDTIME</PARAMETER>
       <TYP>STRING</TYP>
      </RSIMP>
     </IMPORT>
     <EXPORT>
      <RSEXP>
       <PARAMETER>OUT_STARTTIME</PARAMETER>
       <TYP>STRING</TYP>
      </RSEXP>
      <RSEXP>
       <PARAMETER>OUT_ENDTIME</PARAMETER>
       <TYP>STRING</TYP>
      </RSEXP>
      <RSEXP>
       <PARAMETER>CONTRACTS</PARAMETER>
       <TYP>ZPRDTID1182_GISGET_MAP_SY_TAB</TYP>
      </RSEXP>
      <RSEXP>
       <PARAMETER>EV_SUCCESS</PARAMETER>
       <TYP>FLAG</TYP>
      </RSEXP>
      <RSEXP>
       <PARAMETER>EV_ERROR_MESSAGE</PARAMETER>
       <TYP>STRING</TYP>
      </RSEXP>
     </EXPORT>
     <DOCUMENTATION>
      <RSFDO>
       <PARAMETER>IN_STARTTIME</PARAMETER>
       <KIND>P</KIND>
      </RSFDO>
      <RSFDO>
       <PARAMETER>IN_ENDTIME</PARAMETER>
       <KIND>P</KIND>
      </RSFDO>
      <RSFDO>
       <PARAMETER>OUT_STARTTIME</PARAMETER>
       <KIND>P</KIND>
      </RSFDO>
      <RSFDO>
       <PARAMETER>OUT_ENDTIME</PARAMETER>
       <KIND>P</KIND>
      </RSFDO>
      <RSFDO>
       <PARAMETER>CONTRACTS</PARAMETER>
       <KIND>P</KIND>
      </RSFDO>
      <RSFDO>
       <PARAMETER>EV_SUCCESS</PARAMETER>
       <KIND>P</KIND>
      </RSFDO>
      <RSFDO>
       <PARAMETER>EV_ERROR_MESSAGE</PARAMETER>
       <KIND>P</KIND>
      </RSFDO>
     </DOCUMENTATION>
    </item>
    <item>
     <FUNCNAME>Z_CALL_AMDP_ID211</FUNCNAME>
     <REMOTE_CALL>R</REMOTE_CALL>
     <SHORT_TEXT>Wrapper Function Module to ID211</SHORT_TEXT>
     <IMPORT>
      <RSIMP>
       <PARAMETER>IN_ORIGINID</PARAMETER>
       <TYP>STRING</TYP>
      </RSIMP>
      <RSIMP>
       <PARAMETER>IN_ORIGINTYPE</PARAMETER>
       <TYP>STRING</TYP>
      </RSIMP>
      <RSIMP>
       <PARAMETER>IN_ORIGINCLASS</PARAMETER>
       <TYP>STRING</TYP>
      </RSIMP>
      <RSIMP>
       <PARAMETER>IN_ORIGIN_MAXDISTANCE</PARAMETER>
       <TYP>INT4</TYP>
      </RSIMP>
      <RSIMP>
       <PARAMETER>IN_DESTINATION_ID</PARAMETER>
       <TYP>STRING</TYP>
      </RSIMP>
      <RSIMP>
       <PARAMETER>IN_DESTINATION_TYPE</PARAMETER>
       <TYP>STRING</TYP>
      </RSIMP>
      <RSIMP>
       <PARAMETER>IN_DESTINATION_CLASS</PARAMETER>
       <TYP>INT4</TYP>
      </RSIMP>
      <RSIMP>
       <PARAMETER>IN_DESTINATION_MAXDISTANCE</PARAMETER>
       <TYP>INT4</TYP>
      </RSIMP>
     </IMPORT>
     <EXPORT>
      <RSEXP>
       <PARAMETER>ROUTES</PARAMETER>
       <TYP>ZPRROUTETYPE_TAB</TYP>
      </RSEXP>
      <RSEXP>
       <PARAMETER>EV_SUCCESS</PARAMETER>
       <TYP>FLAG</TYP>
      </RSEXP>
      <RSEXP>
       <PARAMETER>EV_ERROR_MESSAGE</PARAMETER>
       <TYP>STRING</TYP>
      </RSEXP>
     </EXPORT>
     <DOCUMENTATION>
      <RSFDO>
       <PARAMETER>IN_ORIGINID</PARAMETER>
       <KIND>P</KIND>
      </RSFDO>
      <RSFDO>
       <PARAMETER>IN_ORIGINTYPE</PARAMETER>
       <KIND>P</KIND>
      </RSFDO>
      <RSFDO>
       <PARAMETER>IN_ORIGINCLASS</PARAMETER>
       <KIND>P</KIND>
      </RSFDO>
      <RSFDO>
       <PARAMETER>IN_ORIGIN_MAXDISTANCE</PARAMETER>
       <KIND>P</KIND>
      </RSFDO>
      <RSFDO>
       <PARAMETER>IN_DESTINATION_ID</PARAMETER>
       <KIND>P</KIND>
      </RSFDO>
      <RSFDO>
       <PARAMETER>IN_DESTINATION_TYPE</PARAMETER>
       <KIND>P</KIND>
      </RSFDO>
      <RSFDO>
       <PARAMETER>IN_DESTINATION_CLASS</PARAMETER>
       <KIND>P</KIND>
      </RSFDO>
      <RSFDO>
       <PARAMETER>IN_DESTINATION_MAXDISTANCE</PARAMETER>
       <KIND>P</KIND>
      </RSFDO>
      <RSFDO>
       <PARAMETER>ROUTES</PARAMETER>
       <KIND>P</KIND>
      </RSFDO>
      <RSFDO>
       <PARAMETER>EV_SUCCESS</PARAMETER>
       <KIND>P</KIND>
      </RSFDO>
      <RSFDO>
       <PARAMETER>EV_ERROR_MESSAGE</PARAMETER>
       <KIND>P</KIND>
      </RSFDO>
     </DOCUMENTATION>
    </item>
    <item>
     <FUNCNAME>Z_CALL_AMDP_ID231</FUNCNAME>
     <REMOTE_CALL>R</REMOTE_CALL>
     <SHORT_TEXT>Wrapper Function Module to ID231 Process Flow</SHORT_TEXT>
     <IMPORT>
      <RSIMP>
       <PARAMETER>ID231_PARAMETERS</PARAMETER>
       <TYP>ZID231_PARAMETERS</TYP>
      </RSIMP>
     </IMPORT>
     <EXPORT>
      <RSEXP>
       <PARAMETER>EV_SUCCESS</PARAMETER>
       <TYP>FLAG</TYP>
      </RSEXP>
      <RSEXP>
       <PARAMETER>EV_ERROR_MESSAGE</PARAMETER>
       <TYP>STRING</TYP>
      </RSEXP>
     </EXPORT>
     <DOCUMENTATION>
      <RSFDO>
       <PARAMETER>ID231_PARAMETERS</PARAMETER>
       <KIND>P</KIND>
      </RSFDO>
      <RSFDO>
       <PARAMETER>EV_SUCCESS</PARAMETER>
       <KIND>P</KIND>
      </RSFDO>
      <RSFDO>
       <PARAMETER>EV_ERROR_MESSAGE</PARAMETER>
       <KIND>P</KIND>
      </RSFDO>
     </DOCUMENTATION>
    </item>
    <item>
     <FUNCNAME>Z_CALL_AMDP_ID408</FUNCNAME>
     <REMOTE_CALL>R</REMOTE_CALL>
     <SHORT_TEXT>Wrapper Function Module to ID408</SHORT_TEXT>
     <IMPORT>
      <RSIMP>
       <PARAMETER>CONTRACT_CODE</PARAMETER>
       <TYP>STRING</TYP>
      </RSIMP>
      <RSIMP>
       <PARAMETER>STORAGE_CODE</PARAMETER>
       <TYP>STRING</TYP>
      </RSIMP>
      <RSIMP>
       <PARAMETER>DECADE</PARAMETER>
       <TYP>INT4</TYP>
      </RSIMP>
      <RSIMP>
       <PARAMETER>IN_COORDINATE_SYSTEM</PARAMETER>
       <TYP>STRING</TYP>
      </RSIMP>
     </IMPORT>
     <EXPORT>
      <RSEXP>
       <PARAMETER>MAP_SYMBOLS</PARAMETER>
       <TYP>ZPRMAPSYMBOL_TYPE_TAB</TYP>
      </RSEXP>
      <RSEXP>
       <PARAMETER>EV_SUCCESS</PARAMETER>
       <TYP>FLAG</TYP>
      </RSEXP>
      <RSEXP>
       <PARAMETER>EV_ERROR_MESSAGE</PARAMETER>
       <TYP>STRING</TYP>
      </RSEXP>
     </EXPORT>
     <DOCUMENTATION>
      <RSFDO>
       <PARAMETER>CONTRACT_CODE</PARAMETER>
       <KIND>P</KIND>
      </RSFDO>
      <RSFDO>
       <PARAMETER>STORAGE_CODE</PARAMETER>
       <KIND>P</KIND>
      </RSFDO>
      <RSFDO>
       <PARAMETER>DECADE</PARAMETER>
       <KIND>P</KIND>
      </RSFDO>
      <RSFDO>
       <PARAMETER>IN_COORDINATE_SYSTEM</PARAMETER>
       <KIND>P</KIND>
      </RSFDO>
      <RSFDO>
       <PARAMETER>MAP_SYMBOLS</PARAMETER>
       <KIND>P</KIND>
      </RSFDO>
      <RSFDO>
       <PARAMETER>EV_SUCCESS</PARAMETER>
       <KIND>P</KIND>
      </RSFDO>
      <RSFDO>
       <PARAMETER>EV_ERROR_MESSAGE</PARAMETER>
       <KIND>P</KIND>
      </RSFDO>
     </DOCUMENTATION>
    </item>
    <item>
     <FUNCNAME>Z_CALL_AMDP_ID409</FUNCNAME>
     <REMOTE_CALL>R</REMOTE_CALL>
     <SHORT_TEXT>Wrapper Function Module to ID409</SHORT_TEXT>
     <IMPORT>
      <RSIMP>
       <PARAMETER>CONTRACT_NUMBER</PARAMETER>
       <TYP>ZZPRCONTRACT_NUMBER_TYPE</TYP>
      </RSIMP>
      <RSIMP>
       <PARAMETER>DECADE</PARAMETER>
       <TYP>ZZPRDECADE_TYPE</TYP>
      </RSIMP>
      <RSIMP>
       <PARAMETER>STORAGE_NUMBER</PARAMETER>
       <TYP>ZZPRSTORAGE_NUMBER_TYPE</TYP>
      </RSIMP>
      <RSIMP>
       <PARAMETER>COORDINATE_SYSTEM</PARAMETER>
       <TYP>ZZPRCOORDINATE_SYSTEM_TYPE</TYP>
      </RSIMP>
      <RSIMP>
       <PARAMETER>COORDINATES</PARAMETER>
       <TYP>STRING</TYP>
      </RSIMP>
      <RSIMP>
       <PARAMETER>IN_ACTION</PARAMETER>
       <TYP>STRING</TYP>
      </RSIMP>
     </IMPORT>
     <EXPORT>
      <RSEXP>
       <PARAMETER>CODE</PARAMETER>
       <TYP>STRING</TYP>
      </RSEXP>
      <RSEXP>
       <PARAMETER>OUT_ACTION</PARAMETER>
       <TYP>STRING</TYP>
      </RSEXP>
      <RSEXP>
       <PARAMETER>INFO</PARAMETER>
       <TYP>STRING</TYP>
      </RSEXP>
      <RSEXP>
       <PARAMETER>STATUS</PARAMETER>
       <TYP>STRING</TYP>
      </RSEXP>
      <RSEXP>
       <PARAMETER>EV_SUCCESS</PARAMETER>
       <TYP>FLAG</TYP>
      </RSEXP>
      <RSEXP>
       <PARAMETER>EV_ERROR_MESSAGE</PARAMETER>
       <TYP>STRING</TYP>
      </RSEXP>
     </EXPORT>
     <DOCUMENTATION>
      <RSFDO>
       <PARAMETER>CONTRACT_NUMBER</PARAMETER>
       <KIND>P</KIND>
      </RSFDO>
      <RSFDO>
       <PARAMETER>DECADE</PARAMETER>
       <KIND>P</KIND>
      </RSFDO>
      <RSFDO>
       <PARAMETER>STORAGE_NUMBER</PARAMETER>
       <KIND>P</KIND>
      </RSFDO>
      <RSFDO>
       <PARAMETER>COORDINATE_SYSTEM</PARAMETER>
       <KIND>P</KIND>
      </RSFDO>
      <RSFDO>
       <PARAMETER>COORDINATES</PARAMETER>
       <KIND>P</KIND>
      </RSFDO>
      <RSFDO>
       <PARAMETER>IN_ACTION</PARAMETER>
       <KIND>P</KIND>
      </RSFDO>
      <RSFDO>
       <PARAMETER>CODE</PARAMETER>
       <KIND>P</KIND>
      </RSFDO>
      <RSFDO>
       <PARAMETER>OUT_ACTION</PARAMETER>
       <KIND>P</KIND>
      </RSFDO>
      <RSFDO>
       <PARAMETER>INFO</PARAMETER>
       <KIND>P</KIND>
      </RSFDO>
      <RSFDO>
       <PARAMETER>STATUS</PARAMETER>
       <KIND>P</KIND>
      </RSFDO>
      <RSFDO>
       <PARAMETER>EV_SUCCESS</PARAMETER>
       <KIND>P</KIND>
      </RSFDO>
      <RSFDO>
       <PARAMETER>EV_ERROR_MESSAGE</PARAMETER>
       <KIND>P</KIND>
      </RSFDO>
     </DOCUMENTATION>
    </item>
    <item>
     <FUNCNAME>Z_CALL_AMDP_ID410</FUNCNAME>
     <REMOTE_CALL>R</REMOTE_CALL>
     <SHORT_TEXT>Wrapper Function Module to ID410</SHORT_TEXT>
     <IMPORT>
      <RSIMP>
       <PARAMETER>IN_LOGYS</PARAMETER>
       <TYP>ZPRLOGY_TYPETAB1</TYP>
      </RSIMP>
      <RSIMP>
       <PARAMETER>IN_STORAGES</PARAMETER>
       <TYP>ZPRSTORAGE_TYPETAB</TYP>
      </RSIMP>
      <RSIMP>
       <PARAMETER>IN_ROAD_STORAGES</PARAMETER>
       <TYP>ZPRROAD_STORAGE_TYPETAB</TYP>
      </RSIMP>
     </IMPORT>
     <EXPORT>
      <RSEXP>
       <PARAMETER>OUT_LOGYS</PARAMETER>
       <TYP>ZPRLOGY_TYPETAB1</TYP>
      </RSEXP>
      <RSEXP>
       <PARAMETER>OUT_STORAGES</PARAMETER>
       <TYP>ZPRSTORAGE_TYPETAB</TYP>
      </RSEXP>
      <RSEXP>
       <PARAMETER>OUT_ROAD_STORAGES</PARAMETER>
       <TYP>ZPRROAD_STORAGE_TYPETAB</TYP>
      </RSEXP>
      <RSEXP>
       <PARAMETER>EV_SUCCESS</PARAMETER>
       <TYP>FLAG</TYP>
      </RSEXP>
      <RSEXP>
       <PARAMETER>EV_ERROR_MESSAGE</PARAMETER>
       <TYP>STRING</TYP>
      </RSEXP>
     </EXPORT>
     <DOCUMENTATION>
      <RSFDO>
       <PARAMETER>IN_LOGYS</PARAMETER>
       <KIND>P</KIND>
      </RSFDO>
      <RSFDO>
       <PARAMETER>IN_STORAGES</PARAMETER>
       <KIND>P</KIND>
      </RSFDO>
      <RSFDO>
       <PARAMETER>IN_ROAD_STORAGES</PARAMETER>
       <KIND>P</KIND>
      </RSFDO>
      <RSFDO>
       <PARAMETER>OUT_LOGYS</PARAMETER>
       <KIND>P</KIND>
      </RSFDO>
      <RSFDO>
       <PARAMETER>OUT_STORAGES</PARAMETER>
       <KIND>P</KIND>
      </RSFDO>
      <RSFDO>
       <PARAMETER>OUT_ROAD_STORAGES</PARAMETER>
       <KIND>P</KIND>
      </RSFDO>
      <RSFDO>
       <PARAMETER>EV_SUCCESS</PARAMETER>
       <KIND>P</KIND>
      </RSFDO>
      <RSFDO>
       <PARAMETER>EV_ERROR_MESSAGE</PARAMETER>
       <KIND>P</KIND>
      </RSFDO>
     </DOCUMENTATION>
    </item>
    <item>
     <FUNCNAME>Z_CALL_AMDP_ID411</FUNCNAME>
     <REMOTE_CALL>R</REMOTE_CALL>
     <SHORT_TEXT>Wrapper Function Module to ID411-called from APO</SHORT_TEXT>
     <IMPORT>
      <RSIMP>
       <PARAMETER>IN_ROUTES</PARAMETER>
       <TYP>ZPRROADSTORAGE_ROUTE_REQU_TAB</TYP>
      </RSIMP>
     </IMPORT>
     <EXPORT>
      <RSEXP>
       <PARAMETER>OUT_ROUTES</PARAMETER>
       <TYP>ZPRROADSTORAGE_ROUTE_RESP_TAB</TYP>
      </RSEXP>
      <RSEXP>
       <PARAMETER>EV_SUCCESS</PARAMETER>
       <TYP>FLAG</TYP>
      </RSEXP>
      <RSEXP>
       <PARAMETER>EV_ERROR_MESSAGE</PARAMETER>
       <TYP>STRING</TYP>
      </RSEXP>
     </EXPORT>
     <DOCUMENTATION>
      <RSFDO>
       <PARAMETER>IN_ROUTES</PARAMETER>
       <KIND>P</KIND>
      </RSFDO>
      <RSFDO>
       <PARAMETER>OUT_ROUTES</PARAMETER>
       <KIND>P</KIND>
      </RSFDO>
      <RSFDO>
       <PARAMETER>EV_SUCCESS</PARAMETER>
       <KIND>P</KIND>
      </RSFDO>
      <RSFDO>
       <PARAMETER>EV_ERROR_MESSAGE</PARAMETER>
       <KIND>P</KIND>
      </RSFDO>
     </DOCUMENTATION>
    </item>
   </FUNCTIONS>
  </asx:values>
 </asx:abap>
</abapGit>
