﻿<?xml version="1.0" encoding="utf-8"?>
<abapGit version="v1.0.0" serializer="LCL_OBJECT_MSAG" serializer_version="v1.0.0">
 <asx:abap xmlns:asx="http://www.sap.com/abapxml" version="1.0">
  <asx:values>
   <T100A>
    <ARBGB>ZML_GIS_AMDP</ARBGB>
    <MASTERLANG>E</MASTERLANG>
    <STEXT>Exeptions with the GIS AMDP</STEXT>
   </T100A>
   <T100>
    <T100>
     <SPRSL>E</SPRSL>
     <ARBGB>ZML_GIS_AMDP</ARBGB>
     <MSGNR>000</MSGNR>
     <TEXT>Parameter &amp;1 is of wrong type or not expected</TEXT>
    </T100>
    <T100>
     <SPRSL>E</SPRSL>
     <ARBGB>ZML_GIS_AMDP</ARBGB>
     <MSGNR>001</MSGNR>
     <TEXT>Parameter WorkingSiteId needs to start either with H or S</TEXT>
    </T100>
    <T100>
     <SPRSL>E</SPRSL>
     <ARBGB>ZML_GIS_AMDP</ARBGB>
     <MSGNR>002</MSGNR>
     <TEXT>ID &amp;1 is not matching the expected format e.g. ID740</TEXT>
    </T100>
    <T100>
     <SPRSL>E</SPRSL>
     <ARBGB>ZML_GIS_AMDP</ARBGB>
     <MSGNR>003</MSGNR>
     <TEXT>Failed to transform ABAP date to HANA date, please check</TEXT>
    </T100>
    <T100>
     <SPRSL>E</SPRSL>
     <ARBGB>ZML_GIS_AMDP</ARBGB>
     <MSGNR>004</MSGNR>
     <TEXT>ID1183 failed, with the request not having any input for parsing</TEXT>
    </T100>
   </T100>
   <I18N_LANGS>
    <LANGU>U</LANGU>
   </I18N_LANGS>
   <T100T>
    <T100T>
     <SPRSL>U</SPRSL>
     <ARBGB>ZML_GIS_AMDP</ARBGB>
     <STEXT>Exeptions with the GIS AMDP</STEXT>
    </T100T>
   </T100T>
   <T100_TEXTS>
    <item>
     <SPRSL>U</SPRSL>
     <MSGNR>000</MSGNR>
     <TEXT>Parameter &amp;1 is of wrong type or not expected</TEXT>
    </item>
    <item>
     <SPRSL>U</SPRSL>
     <MSGNR>001</MSGNR>
     <TEXT>Parameter WorkingSiteId needs to start either with H or S</TEXT>
    </item>
    <item>
     <SPRSL>U</SPRSL>
     <MSGNR>002</MSGNR>
     <TEXT>ID &amp;1 is not matching the expected format e.g. ID740</TEXT>
    </item>
   </T100_TEXTS>
  </asx:values>
 </asx:abap>
</abapGit>
